{
  "transactions": [
    {
      "id": 0.7021682017181152,
      "text": "ymm",
      "amount": 1500
    },
    {
      "id": 0.22443650438124063,
      "text": "hello",
      "amount": -400
    }
  ]
}